0,38947412,CC(=O)OCC1C(C(C(C(O1)OC2C(C(C(OC2OC3=CC(=C4C(=C3)OC(=CC4=O)C5=CC=C(C=C5)O)O)CO)O)O)O)O)O,CC1(C2CCC1(C(=O)C2(CCC(=O)O)O)C)C,0,48.5,6.642668008804321,1,"{(0, 1): (10, 11), (1, 2): (11, 12), (1, 3): (11, 13), (21, 22): (5, 15), (22, 23): (5, 6), (22, 28): (4, 5), (23, 25): (6, 7), (26, 27): (2, 3), (26, 30): (1, 2), (27, 28): (3, 4), (30, 31): (0, 1), (30, 35): (1, 16), (7, 43): (8, 14), (7, 8): (8, 9)}",C-[C:1](=[O:2])-[O:3]-[CH2:4]-[CH:5]1-[CH:6](-[OH:44])-[CH:7](-[OH:43])-[CH:8](-[OH:42])-[CH:9](-[O:11]-[CH:12]2-[CH:13](-[OH:41])-[CH:14](-[OH:40])-[CH:15](-[CH2:38]-[OH:39])-[O:16]-[CH:17]-2-[O:18]-[c:19]2:[cH:20]:[c:21](-[OH:37]):[c:22]3:[c:23](:[cH:24]:2):[o:25]:[c:26](-[c:30]2:[cH:31]:[cH:32]:[c:33](-[OH:36]):[cH:34]:[cH:35]:2):[cH:27]:[c:28]:3=[O:29])-[O:10]-1,C-[C:1]1(-[CH3:16])-[CH:2]2-[CH2:3]-[CH2:4]-[C:5]-1(-[CH3:15])-[C:6](=[O:7])-[C:8]-2(-[CH2:9]-[CH2:10]-[C:11](=[O:12])-[OH:13])-[OH:14]
1,90232733,CCCNC(=O)C=CC(=O)O,CCCCCCCCCCCCCCC(=O)OCC(COC(=O)CCCCCCCCCCCCCC=CCCCCCCCC)OC(=O)CCCCCCCCCCCCC,0,60.0,0.31368327140808105,1,"{(0, 1): (9, 10), (1, 2): (8, 9), (4, 5): (14, 15), (6, 7): (36, 37), (8, 10): (20, 21), (8, 9): (21, 22)}",C-[CH2:1]-[CH2:2]-[NH:3]-[C:4](=[O:5])-[CH:6]=[CH:7]-[C:8](=[O:9])-[OH:10],C-[CH2:1]-[CH2:2]-[CH2:3]-[CH2:4]-[CH2:5]-[CH2:6]-[CH2:7]-[CH2:8]-[CH2:9]-[CH2:10]-[CH2:11]-[CH2:12]-[CH2:13]-[C:14](=[O:15])-[O:16]-[CH2:17]-[CH:18](-[CH2:19]-[O:20]-[C:21](=[O:22])-[CH2:23]-[CH2:24]-[CH2:25]-[CH2:26]-[CH2:27]-[CH2:28]-[CH2:29]-[CH2:30]-[CH2:31]-[CH2:32]-[CH2:33]-[CH2:34]-[CH2:35]-[CH:36]=[CH:37]-[CH2:38]-[CH2:39]-[CH2:40]-[CH2:41]-[CH2:42]-[CH2:43]-[CH2:44]-[CH3:45])-[O:46]-[C:47](=[O:48])-[CH2:49]-[CH2:50]-[CH2:51]-[CH2:52]-[CH2:53]-[CH2:54]-[CH2:55]-[CH2:56]-[CH2:57]-[CH2:58]-[CH2:59]-[CH2:60]-[CH3:61]
2,132610214,CC1=CC=C(C=C1)C(C2=CC=C(C=C2)C)(C(=O)NNC3=CC=CC=N3)O,CCC(C)CCCCCCCCCCCCCCCCC(=O)OC(COC(=O)CCCCCCCCC(C)CC)COP(=O)(O)OCC(COP(=O)(O)OCC(COC(=O)CCCCCCCCCCCCCCCCCC(C)C)OC(=O)CCCCCCCCCC(C)C)O,0,101.0,10.569384574890137,5,,C-[c:1]1:[cH:2]:[cH:3]:[c:4](-[C:7](-[c:8]2:[cH:9]:[cH:10]:[c:11](-[CH3:14]):[cH:12]:[cH:13]:2)(-[C:15](=[O:16])-[NH:17]-[NH:18]-[c:19]2:[cH:20]:[cH:21]:[cH:22]:[cH:23]:[n:24]:2)-[OH:25]):[cH:5]:[cH:6]:1,C-[CH2:1]-[CH:2](-[CH3:3])-[CH2:4]-[CH2:5]-[CH2:6]-[CH2:7]-[CH2:8]-[CH2:9]-[CH2:10]-[CH2:11]-[CH2:12]-[CH2:13]-[CH2:14]-[CH2:15]-[CH2:16]-[CH2:17]-[CH2:18]-[CH2:19]-[C:20](=[O:21])-[O:22]-[CH:23](-[CH2:24]-[O:25]-[C:26](=[O:27])-[CH2:28]-[CH2:29]-[CH2:30]-[CH2:31]-[CH2:32]-[CH2:33]-[CH2:34]-[CH2:35]-[CH:36](-[CH3:37])-[CH2:38]-[CH3:39])-[CH2:40]-[O:41]-[P:42](=[O:43])(-[OH:44])-[O:45]-[CH2:46]-[CH:47](-[CH2:48]-[O:49]-[P:50](=[O:51])(-[OH:52])-[O:53]-[CH2:54]-[CH:55](-[CH2:56]-[O:57]-[C:58](=[O:59])-[CH2:60]-[CH2:61]-[CH2:62]-[CH2:63]-[CH2:64]-[CH2:65]-[CH2:66]-[CH2:67]-[CH2:68]-[CH2:69]-[CH2:70]-[CH2:71]-[CH2:72]-[CH2:73]-[CH2:74]-[CH2:75]-[CH2:76]-[CH:77](-[CH3:78])-[CH3:79])-[O:80]-[C:81](=[O:82])-[CH2:83]-[CH2:84]-[CH2:85]-[CH2:86]-[CH2:87]-[CH2:88]-[CH2:89]-[CH2:90]-[CH2:91]-[CH:92](-[CH3:93])-[CH3:94])-[OH:95]
3,99025732,COCC1CCCNC1,C1=CC=C2C(=C1)C(=C3C=CC=CC3=N2)NC4=CC=C(C=C4)C=CC(=O)O,0,35.0,0.14118051528930664,1,"{(0, 1): (23, 24), (2, 3): (7, 8), (3, 4): (6, 7), (3, 8): (7, 12), (4, 5): (4, 6), (5, 6): (3, 4), (6, 7): (3, 13), (7, 8): (12, 13)}",C-[O:1]-[CH2:2]-[CH:3]1-[CH2:4]-[CH2:5]-[CH2:6]-[NH:7]-[CH2:8]-1,c1:[cH:1]:[cH:2]:[c:3]2:[c:4](:[cH:5]:1):[c:6](-[NH:14]-[c:15]1:[cH:16]:[cH:17]:[c:18](-[CH:21]=[CH:22]-[C:23](=[O:24])-[OH:25]):[cH:19]:[cH:20]:1):[c:7]1:[cH:8]:[cH:9]:[cH:10]:[cH:11]:[c:12]:1:[n:13]:2
4,170335292,C1C(C2C(O1)C(CO2)NC(=O)C3=CC=C(C=C3)C(F)(F)F)NC4=NC=CC(=N4)C5=CC=CS5,C1=CC=C(C=C1)C2=C(C(C(C2=O)O)(C(=O)C3=CC=CC=C3)O)O,0,30.5,9.619888067245483,1,"{(0, 1): (6, 10), (1, 2): (9, 10), (11, 12): (15, 20), (11, 16): (15, 16), (12, 13): (19, 20), (13, 14): (18, 19), (14, 15): (17, 18), (15, 16): (16, 17), (2, 3): (8, 9), (2, 7): (9, 12), (24, 25): (3, 4), (25, 26): (4, 5), (26, 28): (0, 5), (28, 29): (0, 1), (29, 30): (1, 2), (3, 4): (8, 21), (3, 5): (7, 8), (9, 10): (13, 14), (9, 11): (13, 15)}",C1-[CH:1](-[NH:21]-[c:22]2:[n:23]:[cH:24]:[cH:25]:[c:26](-[c:28]3:[cH:29]:[cH:30]:[cH:31]:[s:32]:3):[n:27]:2)-[CH:2]2-[CH:3](-[O:4]-1)-[CH:5](-[NH:8]-[C:9](=[O:10])-[c:11]1:[cH:12]:[cH:13]:[c:14](-[C:17](-[F:18])(-[F:19])-[F:20]):[cH:15]:[cH:16]:1)-[CH2:6]-[O:7]-2,c1:[cH:1]:[cH:2]:[c:3](-[C:6]2=[C:7](-[OH:22])-[C:8](-[C:13](=[O:14])-[c:15]3:[cH:16]:[cH:17]:[cH:18]:[cH:19]:[cH:20]:3)(-[OH:21])-[CH:9](-[OH:12])-[C:10]-2=[O:11]):[cH:4]:[cH:5]:1
5,81995646,CC1C(C(C(C(O1)OC2C(OC(C(C2O)O)OCC3C(C(C(C(O3)OC(=O)C45CCC(CC4C6=CCC7C8(CC(C(C(C8C(CC7(C6(CC5)C)C)O)(C)C)O)O)C)(C)C)O)O)O)CO)O)O)O,CC(C)CCCCCCCCCCCCC(CC(=O)OC)OC(=O)C,0,54.0,2.776341438293457,1,"{(10, 11): (21, 22), (11, 12): (22, 24), (11, 16): (22, 23), (22, 24): (19, 20), (24, 25): (17, 19), (25, 26): (17, 18), (25, 27): (16, 17), (27, 28): (15, 16), (28, 29): (14, 15), (29, 30): (13, 14), (30, 31): (12, 13), (31, 32): (11, 12), (32, 33): (10, 11), (33, 34): (9, 10), (34, 35): (8, 9), (35, 36): (7, 8), (36, 37): (6, 7), (37, 38): (5, 6), (38, 39): (4, 5), (39, 40): (3, 4), (40, 41): (1, 3), (41, 42): (1, 2), (41, 53): (0, 1)}",C-[CH:1]1-[CH:2](-[OH:66])-[CH:3](-[OH:65])-[CH:4](-[OH:64])-[CH:5](-[O:7]-[CH:8]2-[CH:9](-[CH2:62]-[OH:63])-[O:10]-[CH:11](-[O:16]-[CH2:17]-[CH:18]3-[CH:19](-[OH:61])-[CH:20](-[OH:60])-[CH:21](-[OH:59])-[CH:22](-[O:24]-[C:25](=[O:26])-[C:27]45-[CH2:28]-[CH2:29]-[C:30](-[CH3:57])(-[CH3:58])-[CH2:31]-[CH:32]-4-[C:33]4=[CH:34]-[CH2:35]-[CH:36]6-[C:37]7(-[CH3:56])-[CH2:38]-[CH:39](-[OH:55])-[CH:40](-[OH:54])-[C:41](-[CH3:52])(-[CH3:53])-[CH:42]-7-[CH:43](-[OH:51])-[CH2:44]-[C:45]-6(-[CH3:50])-[C:46]-4(-[CH3:49])-[CH2:47]-[CH2:48]-5)-[O:23]-3)-[CH:12](-[OH:15])-[CH:13]-2-[OH:14])-[O:6]-1,C-[CH:1](-[CH3:2])-[CH2:3]-[CH2:4]-[CH2:5]-[CH2:6]-[CH2:7]-[CH2:8]-[CH2:9]-[CH2:10]-[CH2:11]-[CH2:12]-[CH2:13]-[CH2:14]-[CH:15](-[CH2:16]-[C:17](=[O:18])-[O:19]-[CH3:20])-[O:21]-[C:22](=[O:23])-[CH3:24]
6,70091149,CC1=CC2C3(C(C4C5(C(O5)CC(C4(C(CC1OC(=O)C)OC(=O)C)C)OC(=O)C)C)OC(=O)C)C(O3)(C(=O)O2)C,COC(=O)N1C=C(C2=C1C=C(C=C2)Br)C(C3=CNC4=C3C=CC(=C4)Br)(O)S(=O)(=O)O,0,57.0,10.25087833404541,5,,C-[C:1]1=[CH:2]-[CH:3]2-[C:4]3(-[CH:5](-[O:30]-[C:31](=[O:32])-[CH3:33])-[CH:6]4-[C:7]5(-[CH3:29])-[CH:8](-[O:9]-5)-[CH2:10]-[CH:11](-[O:25]-[C:26](=[O:27])-[CH3:28])-[C:12]-4(-[CH3:24])-[CH:13](-[O:20]-[C:21](=[O:22])-[CH3:23])-[CH2:14]-[CH:15]-1-[O:16]-[C:17](=[O:18])-[CH3:19])-[C:34](-[CH3:39])(-[O:35]-3)-[C:36](=[O:37])-[O:38]-2,C-[O:1]-[C:2](=[O:3])-[n:4]1:[cH:5]:[c:6](-[C:14](-[c:15]2:[cH:16]:[nH:17]:[c:18]3:[c:19]:2:[cH:20]:[cH:21]:[c:22](-[Br:24]):[cH:23]:3)(-[OH:25])-[S:26](=[O:27])(=[O:28])-[OH:29]):[c:7]2:[c:8]:1:[cH:9]:[c:10](-[Br:13]):[cH:11]:[cH:12]:2
7,14445047,CC1=CC=C(C=C1)CN2CC(=O)N3CC(C4=C(C3(C2=O)C)NC5=CC=CC=C54)C6=CC=C(C=C6)C,CC(C)CCCCCCCCCCCCCCCCCCCCC(=O)OCC(COC(=O)CCCCCCCCCCCCCCCCC(C)C)OC(=O)CCCCCCCCCC(C)C,0,67.0,11.513554096221924,5,,C-[c:1]1:[cH:2]:[cH:3]:[c:4](-[CH2:7]-[N:8]2-[CH2:9]-[C:10](=[O:11])-[N:12]3-[CH2:13]-[CH:14](-[c:28]4:[cH:29]:[cH:30]:[c:31](-[CH3:34]):[cH:32]:[cH:33]:4)-[c:15]4:[c:16](:[nH:21]:[c:22]5:[cH:23]:[cH:24]:[cH:25]:[cH:26]:[c:27]:4:5)-[C:17]-3(-[CH3:20])-[C:18]-2=[O:19]):[cH:5]:[cH:6]:1,C-[CH:1](-[CH3:2])-[CH2:3]-[CH2:4]-[CH2:5]-[CH2:6]-[CH2:7]-[CH2:8]-[CH2:9]-[CH2:10]-[CH2:11]-[CH2:12]-[CH2:13]-[CH2:14]-[CH2:15]-[CH2:16]-[CH2:17]-[CH2:18]-[CH2:19]-[CH2:20]-[CH2:21]-[CH2:22]-[C:23](=[O:24])-[O:25]-[CH2:26]-[CH:27](-[CH2:28]-[O:29]-[C:30](=[O:31])-[CH2:32]-[CH2:33]-[CH2:34]-[CH2:35]-[CH2:36]-[CH2:37]-[CH2:38]-[CH2:39]-[CH2:40]-[CH2:41]-[CH2:42]-[CH2:43]-[CH2:44]-[CH2:45]-[CH2:46]-[CH2:47]-[CH:48](-[CH3:49])-[CH3:50])-[O:51]-[C:52](=[O:53])-[CH2:54]-[CH2:55]-[CH2:56]-[CH2:57]-[CH2:58]-[CH2:59]-[CH2:60]-[CH2:61]-[CH2:62]-[CH:63](-[CH3:64])-[CH3:65]
8,94094158,CC(C)C(C)C=CC(C)C1C(CC2C1(CC(C3C2C(C(=O)C4C3(CCC(C4)O)C)O)O)C)OC(=O)C,CC1=CC2=C(C3=C(CCC3)C(=O)O2)C(=C1)OCC(=O)N4CCC(CC4)C(=O)N,0,32.5,10.279009103775024,5,,C-[CH:1](-[CH3:2])-[CH:3](-[CH3:4])-[CH:5]=[CH:6]-[CH:7](-[CH3:8])-[CH:9]1-[CH:10](-[O:32]-[C:33](=[O:34])-[CH3:35])-[CH2:11]-[CH:12]2-[C:13]-1(-[CH3:31])-[CH2:14]-[CH:15](-[OH:30])-[CH:16]1-[CH:17]-2-[CH:18](-[OH:29])-[C:19](=[O:20])-[CH:21]2-[C:22]-1(-[CH3:28])-[CH2:23]-[CH2:24]-[CH:25](-[OH:27])-[CH2:26]-2,C-[c:1]1:[cH:2]:[c:3]2:[c:4](:[c:5]3:[c:6](:[c:10](=[O:11]):[o:12]:2)-[CH2:7]-[CH2:8]-[CH2:9]-3):[c:13](-[O:15]-[CH2:16]-[C:17](=[O:18])-[N:19]2-[CH2:20]-[CH2:21]-[CH:22](-[C:25](=[O:26])-[NH2:27])-[CH2:23]-[CH2:24]-2):[cH:14]:1
9,169660176,CCCCCCCCCCCCCCC(=O)OC(COC(=O)CCCCCCCCCCCCC)COP(=O)(O)OCC[N+](C)(C)C,CC1=CCC(CC1)C2(CCC(=O)C(O2)(C)C)C,0,39.0,0.6009843349456787,1,"{(1, 2): (2, 3), (10, 11): (7, 16), (11, 12): (7, 8), (12, 13): (8, 9), (13, 14): (9, 10), (14, 15): (10, 11), (16, 17): (12, 13), (17, 18): (12, 14), (17, 35): (12, 15), (2, 3): (3, 4), (3, 4): (4, 5), (4, 5): (5, 6), (5, 6): (1, 6), (6, 7): (0, 1)}",C-[CH2:1]-[CH2:2]-[CH2:3]-[CH2:4]-[CH2:5]-[CH2:6]-[CH2:7]-[CH2:8]-[CH2:9]-[CH2:10]-[CH2:11]-[CH2:12]-[CH2:13]-[C:14](=[O:15])-[O:16]-[CH:17](-[CH2:18]-[O:19]-[C:20](=[O:21])-[CH2:22]-[CH2:23]-[CH2:24]-[CH2:25]-[CH2:26]-[CH2:27]-[CH2:28]-[CH2:29]-[CH2:30]-[CH2:31]-[CH2:32]-[CH2:33]-[CH3:34])-[CH2:35]-[O:36]-[P:37](=[O:38])(-[OH:39])-[O:40]-[CH2:41]-[CH2:42]-[N+:43](-[CH3:44])(-[CH3:45])-[CH3:46],C-[C:1]1=[CH:2]-[CH2:3]-[CH:4](-[C:7]2(-[CH3:16])-[CH2:8]-[CH2:9]-[C:10](=[O:11])-[C:12](-[CH3:14])(-[CH3:15])-[O:13]-2)-[CH2:5]-[CH2:6]-1
10,116657336,C1=CC=C2C(=C1)C=CC=C2C=NN3C(=NNC3=S)C4=CC=CO4,CC1(C(C2(C3CCC4(C(OC(=O)C=C4C3(CC(C1=O)C2=O)O)C5=COC=C5)C)C)CC(=O)O)C,0,45.0,8.906456232070923,1,"{(0, 1): (6, 7), (0, 5): (7, 13), (1, 2): (5, 6), (18, 19): (22, 23), (18, 22): (23, 24), (19, 20): (22, 26), (2, 3): (4, 5), (20, 21): (25, 26), (21, 22): (24, 25), (3, 4): (4, 14), (3, 9): (3, 4), (4, 5): (13, 14), (4, 6): (14, 15), (6, 7): (15, 16), (7, 8): (16, 19), (8, 9): (3, 19), (9, 10): (3, 28)}",c1:[cH:1]:[cH:2]:[c:3]2:[c:4](:[cH:5]:1):[cH:6]:[cH:7]:[cH:8]:[c:9]:2-[CH:10]=[N:11]-[n:12]1:[c:13](-[c:18]2:[cH:19]:[cH:20]:[cH:21]:[o:22]:2):[n:14]:[nH:15]:[c:16]:1=[S:17],C-[C:1]1(-[CH3:33])-[CH:2](-[CH2:29]-[C:30](=[O:31])-[OH:32])-[C:3]2(-[CH3:28])-[CH:4]3-[CH2:5]-[CH2:6]-[C:7]4(-[CH3:27])-[CH:8](-[c:22]5:[cH:23]:[o:24]:[cH:25]:[cH:26]:5)-[O:9]-[C:10](=[O:11])-[CH:12]=[C:13]-4-[C:14]-3(-[OH:21])-[CH2:15]-[CH:16](-[C:17]-1=[O:18])-[C:19]-2=[O:20]
11,131336585,CCC(C)CC(C)C(C(C)C=C(C)C(C(C)C=C(C)C(C(C)C=C(C)C(C(C)C=C(C)C(=O)CC)O)O)O)O,COC1=CC=C(C=C1)C(=O)C=CC2=C(C=CO2)[N+](=O)[O-],0,37.5,10.289067268371582,5,,C-[CH2:1]-[CH:2](-[CH3:3])-[CH2:4]-[CH:5](-[CH3:6])-[CH:7](-[CH:8](-[CH3:9])-[CH:10]=[C:11](-[CH3:12])-[CH:13](-[CH:14](-[CH3:15])-[CH:16]=[C:17](-[CH3:18])-[CH:19](-[CH:20](-[CH3:21])-[CH:22]=[C:23](-[CH3:24])-[CH:25](-[CH:26](-[CH3:27])-[CH:28]=[C:29](-[CH3:30])-[C:31](=[O:32])-[CH2:33]-[CH3:34])-[OH:35])-[OH:36])-[OH:37])-[OH:38],C-[O:1]-[c:2]1:[cH:3]:[cH:4]:[c:5](-[C:8](=[O:9])-[CH:10]=[CH:11]-[c:12]2:[c:13](-[N+:17](=[O:18])-[O-:19]):[cH:14]:[cH:15]:[o:16]:2):[cH:6]:[cH:7]:1
12,138078344,CC1=CCC(CC2=CC(=CC=C2)CC(NC1)(C)CCOC)C(=C)C=CC=C(CO)C34CCC56C(C=CC(C5=C(C)C=O)CC(C6(C3O)CC4)(CCNC)O)CCO,C=CCCCCCCCCCCCCC#CCCC(=O)OCC(COC(=O)CCC#CCCCCCCCCCCCCC=C)OC(=O)CCC#CCCCCCCCCCCCCC=C,0,-1.0,10.49861764907837,6,,C-[C:1]1=[CH:2]-[CH2:3]-[CH:4](-[C:21](=[CH2:22])-[CH:23]=[CH:24]-[CH:25]=[C:26](-[CH2:27]-[OH:28])-[C:29]23-[CH2:30]-[CH2:31]-[C:32]45-[CH:33](-[CH2:54]-[CH2:55]-[OH:56])-[CH:34]=[CH:35]-[CH:36](-[C:37]-4=[C:38](-[CH3:39])-[CH:40]=[O:41])-[CH2:42]-[C:43](-[CH2:49]-[CH2:50]-[NH:51]-[CH3:52])(-[OH:53])-[C:44]-5(-[CH:45]-2-[OH:46])-[CH2:47]-[CH2:48]-3)-[CH2:5]-[c:6]2:[cH:7]:[c:8](:[cH:9]:[cH:10]:[cH:11]:2)-[CH2:12]-[C:13](-[CH3:16])(-[CH2:17]-[CH2:18]-[O:19]-[CH3:20])-[NH:14]-[CH2:15]-1,C=[CH:1]-[CH2:2]-[CH2:3]-[CH2:4]-[CH2:5]-[CH2:6]-[CH2:7]-[CH2:8]-[CH2:9]-[CH2:10]-[CH2:11]-[CH2:12]-[CH2:13]-[C:14]#[C:15]-[CH2:16]-[CH2:17]-[C:18](=[O:19])-[O:20]-[CH2:21]-[CH:22](-[CH2:23]-[O:24]-[C:25](=[O:26])-[CH2:27]-[CH2:28]-[C:29]#[C:30]-[CH2:31]-[CH2:32]-[CH2:33]-[CH2:34]-[CH2:35]-[CH2:36]-[CH2:37]-[CH2:38]-[CH2:39]-[CH2:40]-[CH2:41]-[CH2:42]-[CH:43]=[CH2:44])-[O:45]-[C:46](=[O:47])-[CH2:48]-[CH2:49]-[C:50]#[C:51]-[CH2:52]-[CH2:53]-[CH2:54]-[CH2:55]-[CH2:56]-[CH2:57]-[CH2:58]-[CH2:59]-[CH2:60]-[CH2:61]-[CH2:62]-[CH2:63]-[CH:64]=[CH2:65]
13,71472376,CCCCCCCCCCCCCCCCCCCC(CC(=O)SCCNC(=O)CCNC(=O)C(C(C)(C)COP(=O)(O)OP(=O)(O)OCC1C(C(C(O1)N2C=NC3=C(N=CN=C32)N)O)OP(=O)(O)O)O)O,CC(C)CC(C(=O)NC(CC(C)C)C(=O)O)NC(=O)C(CO)NC(=O)C1CCCN1C(=O)C(CCCCN)N,0,69.0,10.460821866989136,5,,C-[CH2:1]-[CH2:2]-[CH2:3]-[CH2:4]-[CH2:5]-[CH2:6]-[CH2:7]-[CH2:8]-[CH2:9]-[CH2:10]-[CH2:11]-[CH2:12]-[CH2:13]-[CH2:14]-[CH2:15]-[CH2:16]-[CH2:17]-[CH2:18]-[CH:19](-[CH2:20]-[C:21](=[O:22])-[S:23]-[CH2:24]-[CH2:25]-[NH:26]-[C:27](=[O:28])-[CH2:29]-[CH2:30]-[NH:31]-[C:32](=[O:33])-[CH:34](-[C:35](-[CH3:36])(-[CH3:37])-[CH2:38]-[O:39]-[P:40](=[O:41])(-[OH:42])-[O:43]-[P:44](=[O:45])(-[OH:46])-[O:47]-[CH2:48]-[CH:49]1-[CH:50](-[O:65]-[P:66](=[O:67])(-[OH:68])-[OH:69])-[CH:51](-[OH:64])-[CH:52](-[n:54]2:[cH:55]:[n:56]:[c:57]3:[c:58](-[NH2:63]):[n:59]:[cH:60]:[n:61]:[c:62]:2:3)-[O:53]-1)-[OH:70])-[OH:71],C-[CH:1](-[CH3:2])-[CH2:3]-[CH:4](-[C:5](=[O:6])-[NH:7]-[CH:8](-[CH2:9]-[CH:10](-[CH3:11])-[CH3:12])-[C:13](=[O:14])-[OH:15])-[NH:16]-[C:17](=[O:18])-[CH:19](-[CH2:20]-[OH:21])-[NH:22]-[C:23](=[O:24])-[CH:25]1-[CH2:26]-[CH2:27]-[CH2:28]-[N:29]-1-[C:30](=[O:31])-[CH:32](-[CH2:33]-[CH2:34]-[CH2:35]-[CH2:36]-[NH2:37])-[NH2:38]
14,60142556,CCCCCCCCCCCCCCCCCCCCCC(=O)OCC(COC(=O)CCCCCCCCCC(C)C)OC(=O)CCCCCCCCCCCCCCC,CC1(C2CCC3(C(C2(CCC1O)C)CCC4C3(CCC4C5(CCC(C5O)C(C)(C)O)O)C)C)C,0,44.0,6.355675458908081,1,"{(17, 18): (7, 12), (18, 19): (7, 8), (19, 20): (8, 9), (20, 21): (9, 10), (21, 22): (10, 11), (24, 25): (26, 27), (25, 26): (26, 28), (25, 42): (26, 29), (27, 28): (20, 30), (28, 30): (20, 21), (30, 31): (21, 22), (31, 32): (22, 23), (32, 33): (23, 24), (34, 35): (5, 32), (35, 36): (4, 5), (36, 37): (3, 4), (37, 38): (2, 3), (38, 39): (1, 2), (39, 40): (1, 33), (39, 41): (0, 1), (47, 48): (6, 13), (48, 49): (13, 14), (49, 50): (14, 15), (50, 51): (15, 19), (51, 52): (18, 19), (52, 53): (17, 18), (53, 54): (16, 17), (54, 55): (16, 31)}",C-[CH2:1]-[CH2:2]-[CH2:3]-[CH2:4]-[CH2:5]-[CH2:6]-[CH2:7]-[CH2:8]-[CH2:9]-[CH2:10]-[CH2:11]-[CH2:12]-[CH2:13]-[CH2:14]-[CH2:15]-[CH2:16]-[CH2:17]-[CH2:18]-[CH2:19]-[CH2:20]-[C:21](=[O:22])-[O:23]-[CH2:24]-[CH:25](-[CH2:26]-[O:27]-[C:28](=[O:29])-[CH2:30]-[CH2:31]-[CH2:32]-[CH2:33]-[CH2:34]-[CH2:35]-[CH2:36]-[CH2:37]-[CH2:38]-[CH:39](-[CH3:40])-[CH3:41])-[O:42]-[C:43](=[O:44])-[CH2:45]-[CH2:46]-[CH2:47]-[CH2:48]-[CH2:49]-[CH2:50]-[CH2:51]-[CH2:52]-[CH2:53]-[CH2:54]-[CH2:55]-[CH2:56]-[CH2:57]-[CH2:58]-[CH3:59],C-[C:1]1(-[CH3:33])-[CH:2]2-[CH2:3]-[CH2:4]-[C:5]3(-[CH3:32])-[CH:6](-[C:7]-2(-[CH3:12])-[CH2:8]-[CH2:9]-[CH:10]-1-[OH:11])-[CH2:13]-[CH2:14]-[CH:15]1-[C:16]-3(-[CH3:31])-[CH2:17]-[CH2:18]-[CH:19]-1-[C:20]1(-[OH:30])-[CH2:21]-[CH2:22]-[CH:23](-[C:26](-[CH3:27])(-[CH3:28])-[OH:29])-[CH:24]-1-[OH:25]
15,80324994,CC1CCC2(CCC3(C(=CCC4C3(CCC5C4(CCC(C5(C)C)O)C)C)C2C1(C)O)C)C(=O)OC6C(C(C(C(O6)CO)O)O)O,CC(=O)C(=O)SCC(C(=O)NCC(=O)O)NC(=O)CCC(C(=O)O)N,0,50.0,5.191587924957275,1,"{(19, 20): (16, 18), (19, 23): (16, 17), (26, 27): (7, 8), (27, 29): (8, 9), (31, 32): (12, 13), (31, 33): (12, 14), (34, 35): (0, 1), (35, 36): (1, 3), (35, 44): (1, 2), (36, 43): (3, 4), (37, 38): (19, 20), (38, 40): (20, 21), (4, 31): (11, 12), (40, 41): (21, 23), (8, 26): (6, 7)}",C-[CH:1]1-[CH2:2]-[CH2:3]-[C:4]2(-[C:31](=[O:32])-[O:33]-[CH:34]3-[CH:35](-[OH:44])-[CH:36](-[OH:43])-[CH:37](-[OH:42])-[CH:38](-[CH2:40]-[OH:41])-[O:39]-3)-[CH2:5]-[CH2:6]-[C:7]3(-[CH3:30])-[C:8](=[CH:9]-[CH2:10]-[CH:11]4-[C:12]-3(-[CH3:25])-[CH2:13]-[CH2:14]-[CH:15]3-[C:16]-4(-[CH3:24])-[CH2:17]-[CH2:18]-[CH:19](-[OH:23])-[C:20]-3(-[CH3:21])-[CH3:22])-[CH:26]-2-[C:27]-1(-[CH3:28])-[OH:29],C-[C:1](=[O:2])-[C:3](=[O:4])-[S:5]-[CH2:6]-[CH:7](-[C:8](=[O:9])-[NH:10]-[CH2:11]-[C:12](=[O:13])-[OH:14])-[NH:15]-[C:16](=[O:17])-[CH2:18]-[CH2:19]-[CH:20](-[C:21](=[O:22])-[OH:23])-[NH2:24]
16,38966257,CCCCCCCCCCCCCCCCCCCCCCCCC(=O)OC(COC(=O)CCCCCCCCCCCC)COP(=O)(O)OCC(COP(=O)(O)OCC(COC(=O)CCCCCCC)OC(=O)CCCCCCCCCCCC)O,CC1C#CC2=CC(=[NH+]C3=C2COC(CCC1CCC(C)C)CC(CCC4=CC(=C(C=C4)O)OCC5=CC=CC6=CN3C=C56)O)N,0,-1.0,10.532902717590332,6,,C-[CH2:1]-[CH2:2]-[CH2:3]-[CH2:4]-[CH2:5]-[CH2:6]-[CH2:7]-[CH2:8]-[CH2:9]-[CH2:10]-[CH2:11]-[CH2:12]-[CH2:13]-[CH2:14]-[CH2:15]-[CH2:16]-[CH2:17]-[CH2:18]-[CH2:19]-[CH2:20]-[CH2:21]-[CH2:22]-[CH2:23]-[C:24](=[O:25])-[O:26]-[CH:27](-[CH2:28]-[O:29]-[C:30](=[O:31])-[CH2:32]-[CH2:33]-[CH2:34]-[CH2:35]-[CH2:36]-[CH2:37]-[CH2:38]-[CH2:39]-[CH2:40]-[CH2:41]-[CH2:42]-[CH3:43])-[CH2:44]-[O:45]-[P:46](=[O:47])(-[OH:48])-[O:49]-[CH2:50]-[CH:51](-[CH2:52]-[O:53]-[P:54](=[O:55])(-[OH:56])-[O:57]-[CH2:58]-[CH:59](-[CH2:60]-[O:61]-[C:62](=[O:63])-[CH2:64]-[CH2:65]-[CH2:66]-[CH2:67]-[CH2:68]-[CH2:69]-[CH3:70])-[O:71]-[C:72](=[O:73])-[CH2:74]-[CH2:75]-[CH2:76]-[CH2:77]-[CH2:78]-[CH2:79]-[CH2:80]-[CH2:81]-[CH2:82]-[CH2:83]-[CH2:84]-[CH3:85])-[OH:86],C-[CH:1]1-[C:2]#[C:3]-[c:4]2:[cH:5]:[c:6](-[NH2:44]):[nH+:7]:[c:8]3:[c:9]:2-[CH2:10]-[O:11]-[CH:12](-[CH2:13]-[CH2:14]-[CH:15]-1-[CH2:16]-[CH2:17]-[CH:18](-[CH3:19])-[CH3:20])-[CH2:21]-[CH:22](-[OH:43])-[CH2:23]-[CH2:24]-[c:25]1:[cH:26]:[c:27](:[c:28](-[OH:31]):[cH:29]:[cH:30]:1)-[O:32]-[CH2:33]-[c:34]1:[cH:35]:[cH:36]:[cH:37]:[c:38]2:[cH:39]:[n:40]-3:[cH:41]:[c:42]:1:2
17,178473254,CCCCCCCCCCCCCCCCCCCCC(=O)OC(COC(=O)CCCCCCCCCCCCCCCC(C)C)COC(=O)CCCCCCCCC(C)C,CC1C(C(C(C(O1)OC2CC3C(C(CC(O3)(CC(CC(C(CCC(=O)OC(CCCC=CC=CC=CC=C2)C(C)C)O)O)O)O)O)C(=O)O)O)N)O,0,-1.0,10.394144296646118,6,,C-[CH2:1]-[CH2:2]-[CH2:3]-[CH2:4]-[CH2:5]-[CH2:6]-[CH2:7]-[CH2:8]-[CH2:9]-[CH2:10]-[CH2:11]-[CH2:12]-[CH2:13]-[CH2:14]-[CH2:15]-[CH2:16]-[CH2:17]-[CH2:18]-[CH2:19]-[C:20](=[O:21])-[O:22]-[CH:23](-[CH2:24]-[O:25]-[C:26](=[O:27])-[CH2:28]-[CH2:29]-[CH2:30]-[CH2:31]-[CH2:32]-[CH2:33]-[CH2:34]-[CH2:35]-[CH2:36]-[CH2:37]-[CH2:38]-[CH2:39]-[CH2:40]-[CH2:41]-[CH2:42]-[CH:43](-[CH3:44])-[CH3:45])-[CH2:46]-[O:47]-[C:48](=[O:49])-[CH2:50]-[CH2:51]-[CH2:52]-[CH2:53]-[CH2:54]-[CH2:55]-[CH2:56]-[CH2:57]-[CH:58](-[CH3:59])-[CH3:60],C-[CH:1]1-[CH:2](-[OH:51])-[CH:3](-[NH2:50])-[CH:4](-[OH:49])-[CH:5](-[O:7]-[CH:8]2-[CH2:9]-[CH:10]3-[CH:11](-[C:46](=[O:47])-[OH:48])-[CH:12](-[OH:45])-[CH2:13]-[C:14](-[OH:44])(-[O:15]-3)-[CH2:16]-[CH:17](-[OH:43])-[CH2:18]-[CH:19](-[OH:42])-[CH:20](-[OH:41])-[CH2:21]-[CH2:22]-[C:23](=[O:24])-[O:25]-[CH:26](-[CH:38](-[CH3:39])-[CH3:40])-[CH2:27]-[CH2:28]-[CH2:29]-[CH:30]=[CH:31]-[CH:32]=[CH:33]-[CH:34]=[CH:35]-[CH:36]=[CH:37]-2)-[O:6]-1
18,148287081,CC(=O)OCC1C(C(C(C(O1)OC2=C(C(=C3C(=C2)OC(=C(C3=O)O)C4=CC(=C(C=C4)O)O)O)O)O)O)O,CC1=CC2=C(C=C1)NC3=C2CCCC3NC(=O)N,0,39.5,0.48934221267700195,1,"{(1, 2): (15, 16), (12, 13): (8, 9), (12, 17): (9, 10), (13, 14): (8, 13), (14, 15): (12, 13), (15, 16): (11, 12), (16, 17): (10, 11), (19, 24): (0, 1), (24, 25): (1, 2), (24, 29): (1, 6), (25, 26): (2, 3), (26, 27): (3, 4), (27, 28): (4, 5), (28, 29): (5, 6)}",C-[C:1](=[O:2])-[O:3]-[CH2:4]-[CH:5]1-[CH:6](-[OH:36])-[CH:7](-[OH:35])-[CH:8](-[OH:34])-[CH:9](-[O:11]-[c:12]2:[c:13](-[OH:33]):[c:14](-[OH:32]):[c:15]3:[c:16](:[cH:17]:2):[o:18]:[c:19](-[c:24]2:[cH:25]:[c:26](-[OH:31]):[c:27](-[OH:30]):[cH:28]:[cH:29]:2):[c:20](-[OH:23]):[c:21]:3=[O:22])-[O:10]-1,C-[c:1]1:[cH:2]:[c:3]2:[c:4](:[cH:5]:[cH:6]:1):[nH:7]:[c:8]1:[c:9]:2-[CH2:10]-[CH2:11]-[CH2:12]-[CH:13]-1-[NH:14]-[C:15](=[O:16])-[NH2:17]
19,62459704,CC(C)CNC(=O)C=CC=CCCCCC1=CC2=C(C=C1)OCO2,CCCNC(=O)NS(=O)(=O)C1=CC=CC(=C1)C,0,22.0,0.18511962890625,1,"{(0, 1): (0, 1), (1, 3): (1, 2), (14, 15): (14, 16), (15, 16): (14, 15), (15, 20): (13, 14), (16, 17): (10, 15), (17, 18): (10, 11), (18, 19): (11, 12), (19, 20): (12, 13), (3, 4): (2, 3), (4, 5): (3, 4), (5, 6): (4, 5)}",C-[CH:1](-[CH3:2])-[CH2:3]-[NH:4]-[C:5](=[O:6])-[CH:7]=[CH:8]-[CH:9]=[CH:10]-[CH2:11]-[CH2:12]-[CH2:13]-[CH2:14]-[c:15]1:[cH:16]:[c:17]2:[c:18](:[cH:19]:[cH:20]:1)-[O:21]-[CH2:22]-[O:23]-2,C-[CH2:1]-[CH2:2]-[NH:3]-[C:4](=[O:5])-[NH:6]-[S:7](=[O:8])(=[O:9])-[c:10]1:[cH:11]:[cH:12]:[cH:13]:[c:14](-[CH3:16]):[cH:15]:1
20,163339529,CN1CCN(CC1)C(=O)CC2CCNCC2CC3=NOC(=C3)CN4CCN(CC4)C5=CC=CC=C5,CCC(C)CCCCCCCCCCCCCCCCCCCCC(=O)OC(COC(=O)CCCCCCCCCCCCCCCCCCCCC(C)C)COP(=O)(O)OCC(COP(=O)(O)OCC(COC(=O)CCCCCCCCC(C)C)OC(=O)CCCCCCCCCCCCC(C)CC)O,0,114.5,10.538517475128174,5,,C-[N:1]1-[CH2:2]-[CH2:3]-[N:4](-[C:7](=[O:8])-[CH2:9]-[CH:10]2-[CH2:11]-[CH2:12]-[NH:13]-[CH2:14]-[CH:15]-2-[CH2:16]-[c:17]2:[n:18]:[o:19]:[c:20](-[CH2:22]-[N:23]3-[CH2:24]-[CH2:25]-[N:26](-[c:29]4:[cH:30]:[cH:31]:[cH:32]:[cH:33]:[cH:34]:4)-[CH2:27]-[CH2:28]-3):[cH:21]:2)-[CH2:5]-[CH2:6]-1,C-[CH2:1]-[CH:2](-[CH3:3])-[CH2:4]-[CH2:5]-[CH2:6]-[CH2:7]-[CH2:8]-[CH2:9]-[CH2:10]-[CH2:11]-[CH2:12]-[CH2:13]-[CH2:14]-[CH2:15]-[CH2:16]-[CH2:17]-[CH2:18]-[CH2:19]-[CH2:20]-[CH2:21]-[CH2:22]-[CH2:23]-[C:24](=[O:25])-[O:26]-[CH:27](-[CH2:28]-[O:29]-[C:30](=[O:31])-[CH2:32]-[CH2:33]-[CH2:34]-[CH2:35]-[CH2:36]-[CH2:37]-[CH2:38]-[CH2:39]-[CH2:40]-[CH2:41]-[CH2:42]-[CH2:43]-[CH2:44]-[CH2:45]-[CH2:46]-[CH2:47]-[CH2:48]-[CH2:49]-[CH2:50]-[CH2:51]-[CH:52](-[CH3:53])-[CH3:54])-[CH2:55]-[O:56]-[P:57](=[O:58])(-[OH:59])-[O:60]-[CH2:61]-[CH:62](-[CH2:63]-[O:64]-[P:65](=[O:66])(-[OH:67])-[O:68]-[CH2:69]-[CH:70](-[CH2:71]-[O:72]-[C:73](=[O:74])-[CH2:75]-[CH2:76]-[CH2:77]-[CH2:78]-[CH2:79]-[CH2:80]-[CH2:81]-[CH2:82]-[CH:83](-[CH3:84])-[CH3:85])-[O:86]-[C:87](=[O:88])-[CH2:89]-[CH2:90]-[CH2:91]-[CH2:92]-[CH2:93]-[CH2:94]-[CH2:95]-[CH2:96]-[CH2:97]-[CH2:98]-[CH2:99]-[CH2:100]-[CH:101](-[CH3:102])-[CH2:103]-[CH3:104])-[OH:105]
21,8640893,CCCC1COC(O1)(CN2C=NC=N2)C3=CC=C(C=C3)C(F)(F)F,CC=C(C)C(=O)OC1CC2=C(C=C3C(=C2O)C(=O)C=C(O3)CO)OC1(C)C4(CCCC4)CC5=C[NH+]=C(C=C5)N,0,42.0,0.624692440032959,1,"{(0, 1): (27, 28), (1, 2): (26, 27), (10, 11): (33, 34), (11, 12): (34, 35), (12, 13): (35, 38), (14, 15): (12, 13), (14, 19): (11, 12), (15, 16): (13, 14), (16, 17): (9, 14), (17, 18): (9, 10), (17, 20): (8, 9), (18, 19): (10, 11), (2, 3): (24, 26), (3, 4): (7, 24), (4, 5): (6, 7), (5, 6): (4, 6), (6, 7): (4, 5), (6, 8): (2, 4)}",C-[CH2:1]-[CH2:2]-[CH:3]1-[CH2:4]-[O:5]-[C:6](-[CH2:8]-[n:9]2:[cH:10]:[n:11]:[cH:12]:[n:13]:2)(-[c:14]2:[cH:15]:[cH:16]:[c:17](-[C:20](-[F:21])(-[F:22])-[F:23]):[cH:18]:[cH:19]:2)-[O:7]-1,C-[CH:1]=[C:2](-[CH3:3])-[C:4](=[O:5])-[O:6]-[CH:7]1-[CH2:8]-[c:9]2:[c:10](:[cH:11]:[c:12]3:[c:13](:[c:14]:2-[OH:15]):[c:16](=[O:17]):[cH:18]:[c:19](-[CH2:21]-[OH:22]):[o:20]:3)-[O:23]-[C:24]-1(-[CH3:25])-[C:26]1(-[CH2:31]-[c:32]2:[cH:33]:[nH+:34]:[c:35](-[NH2:38]):[cH:36]:[cH:37]:2)-[CH2:27]-[CH2:28]-[CH2:29]-[CH2:30]-1
22,100173774,CC1(C2CC(C3(C(C2(CC(=O)C1OC4C(C(C(C(O4)CO)O)O)OC5C(C(C(C(O5)CO)O)O)O)C)CCC6C3(CC=C6)C)C)O)C,C1CC(CN(C1)C(=O)COC2=CC3=C(C=C2)C=CC(=O)O3)C(=O)O,0,47.5,10.23872971534729,5,,C-[C:1]1(-[CH3:46])-[CH:2]2-[CH2:3]-[CH:4](-[OH:45])-[C:5]3(-[CH3:44])-[CH:6](-[C:7]-2(-[CH3:35])-[CH2:8]-[C:9](=[O:10])-[CH:11]-1-[O:12]-[CH:13]1-[CH:14](-[O:23]-[CH:24]2-[CH:25](-[OH:34])-[CH:26](-[OH:33])-[CH:27](-[OH:32])-[CH:28](-[CH2:30]-[OH:31])-[O:29]-2)-[CH:15](-[OH:22])-[CH:16](-[OH:21])-[CH:17](-[CH2:19]-[OH:20])-[O:18]-1)-[CH2:36]-[CH2:37]-[CH:38]1-[C:39]-3(-[CH3:43])-[CH2:40]-[CH:41]=[CH:42]-1,C1-[CH2:1]-[CH:2](-[C:21](=[O:22])-[OH:23])-[CH2:3]-[N:4](-[C:6](=[O:7])-[CH2:8]-[O:9]-[c:10]2:[cH:11]:[c:12]3:[c:13](:[cH:14]:[cH:15]:2):[cH:16]:[cH:17]:[c:18](=[O:19]):[o:20]:3)-[CH2:5]-1
23,123487508,C1=CC=C(C=C1)C2C(C3=C(C=C(C=C3O2)O)C4C(OC5=C4C=C(C=C5)C=CC6=C7C(C(OC7=CC(=C6)O)C8=CC=C(C=C8)O)C9=CC(=CC(=C9)O)O)C1=CC=CC=C1)C1=CC(=CC(=C1)O)O,CC1CCC2(C(C3C(O2)CC4C3(C(=O)CC5C4CCC6C5(CC(C(C6)OC7C(C(C(C(O7)CO)OC8C(C(C(C(O8)CO)O)OC9C(C(C(CO9)OC2C(C(C(C(O2)C)O)O)O)O)O)OC2C(C(C(C(O2)CO)O)O)O)O)O)O)C)C)C)OC1,0,-1.0,10.724932670593262,6,,c1:[cH:1]:[cH:2]:[c:3](-[CH:6]2-[CH:7](-[c:58]3:[cH:59]:[c:60](-[OH:65]):[cH:61]:[c:62](-[OH:64]):[cH:63]:3)-[c:8]3:[c:9](-[CH:16]4-[CH:17](-[c:52]5:[cH:53]:[cH:54]:[cH:55]:[cH:56]:[cH:57]:5)-[O:18]-[c:19]5:[c:20]-4:[cH:21]:[c:22](-[CH:25]=[CH:26]-[c:27]4:[c:28]6:[c:32](:[cH:33]:[c:34](-[OH:36]):[cH:35]:4)-[O:31]-[CH:30](-[c:37]4:[cH:38]:[cH:39]:[c:40](-[OH:43]):[cH:41]:[cH:42]:4)-[CH:29]-6-[c:44]4:[cH:45]:[c:46](-[OH:51]):[cH:47]:[c:48](-[OH:50]):[cH:49]:4):[cH:23]:[cH:24]:5):[cH:10]:[c:11](-[OH:15]):[cH:12]:[c:13]:3-[O:14]-2):[cH:4]:[cH:5]:1,C-[CH:1]1-[CH2:2]-[CH2:3]-[C:4]2(-[CH:5](-[CH3:81])-[CH:6]3-[CH:7](-[O:8]-2)-[CH2:9]-[CH:10]2-[C:11]-3(-[CH3:80])-[C:12](=[O:13])-[CH2:14]-[CH:15]3-[CH:16]-2-[CH2:17]-[CH2:18]-[CH:19]2-[C:20]-3(-[CH3:79])-[CH2:21]-[CH:22](-[OH:78])-[CH:23](-[O:25]-[CH:26]3-[CH:27](-[OH:77])-[CH:28](-[OH:76])-[CH:29](-[O:34]-[CH:35]4-[CH:36](-[O:64]-[CH:65]5-[CH:66](-[OH:75])-[CH:67](-[OH:74])-[CH:68](-[OH:73])-[CH:69](-[CH2:71]-[OH:72])-[O:70]-5)-[CH:37](-[O:44]-[CH:45]5-[CH:46](-[OH:63])-[CH:47](-[OH:62])-[CH:48](-[O:51]-[CH:52]6-[CH:53](-[OH:61])-[CH:54](-[OH:60])-[CH:55](-[OH:59])-[CH:56](-[CH3:58])-[O:57]-6)-[CH2:49]-[O:50]-5)-[CH:38](-[OH:43])-[CH:39](-[CH2:41]-[OH:42])-[O:40]-4)-[CH:30](-[CH2:32]-[OH:33])-[O:31]-3)-[CH2:24]-2)-[O:82]-[CH2:83]-1
24,103699371,CC1CCC2(CCC3(C(=CC=C4C3(CCC5C4(CCC(C5(C)C(=O)O)O)C)C)C2C1C)C)C,C(C(=O)O)NS(=O)(=O)N,0,43.0,0.12000727653503418,1,"{(20, 22): (0, 1), (22, 23): (1, 2), (22, 24): (1, 3)}",C-[CH:1]1-[CH2:2]-[CH2:3]-[C:4]2(-[CH3:32])-[CH2:5]-[CH2:6]-[C:7]3(-[CH3:31])-[C:8](=[CH:9]-[CH:10]=[C:11]4-[C:12]-3(-[CH3:27])-[CH2:13]-[CH2:14]-[CH:15]3-[C:16]-4(-[CH3:26])-[CH2:17]-[CH2:18]-[CH:19](-[OH:25])-[C:20]-3(-[CH3:21])-[C:22](=[O:23])-[OH:24])-[CH:28]-2-[CH:29]-1-[CH3:30],C(-[C:1](=[O:2])-[OH:3])-[NH:4]-[S:5](=[O:6])(=[O:7])-[NH2:8]
25,62020432,CC(C)CCOC(=O)C1=CC=C(C=C1)[N+](=O)[O-],C1CCC(CC1)NCC(=O)NC2=C3CCCC3=NC4=C2CCCC4,0,26.0,0.38747549057006836,1,"{(0, 1): (11, 12), (1, 2): (12, 13), (1, 3): (12, 16), (10, 11): (18, 23), (11, 12): (18, 19), (11, 14): (17, 18), (12, 13): (19, 20), (3, 4): (15, 16), (6, 7): (8, 9), (8, 13): (20, 21), (8, 9): (21, 22), (9, 10): (22, 23)}",C-[CH:1](-[CH3:2])-[CH2:3]-[CH2:4]-[O:5]-[C:6](=[O:7])-[c:8]1:[cH:9]:[cH:10]:[c:11](-[N+:14](=[O:15])-[O-:16]):[cH:12]:[cH:13]:1,C1-[CH2:1]-[CH2:2]-[CH:3](-[NH:6]-[CH2:7]-[C:8](=[O:9])-[NH:10]-[c:11]2:[c:12]3:[c:16](:[n:17]:[c:18]4:[c:19]:2-[CH2:20]-[CH2:21]-[CH2:22]-[CH2:23]-4)-[CH2:15]-[CH2:14]-[CH2:13]-3)-[CH2:4]-[CH2:5]-1
26,118514655,COC1=C(C=C(C=C1)CN2C(=O)C=CC(=N2)NCCOC3=CC=CC=C3OC)C4=CC(=CC=C4)Cl,CC1=CC=C(C=C1)C=NN2C(=NNC2=S)C3=CC(=CC=C3)Cl,0,34.5,1.1851420402526855,1,"{(14, 15): (10, 11), (14, 16): (9, 10), (2, 3): (4, 5), (2, 7): (3, 4), (28, 29): (18, 19), (28, 33): (19, 20), (29, 30): (17, 18), (3, 4): (5, 6), (30, 31): (16, 17), (30, 34): (17, 21), (31, 32): (15, 16), (32, 33): (15, 20), (4, 5): (1, 6), (5, 6): (1, 2), (5, 8): (0, 1), (6, 7): (2, 3), (9, 10): (12, 13), (9, 15): (11, 12)}",C-[O:1]-[c:2]1:[c:3](-[c:28]2:[cH:29]:[c:30](-[Cl:34]):[cH:31]:[cH:32]:[cH:33]:2):[cH:4]:[c:5](-[CH2:8]-[n:9]2:[c:10](=[O:11]):[cH:12]:[cH:13]:[c:14](-[NH:16]-[CH2:17]-[CH2:18]-[O:19]-[c:20]3:[cH:21]:[cH:22]:[cH:23]:[cH:24]:[c:25]:3-[O:26]-[CH3:27]):[n:15]:2):[cH:6]:[cH:7]:1,C-[c:1]1:[cH:2]:[cH:3]:[c:4](-[CH:7]=[N:8]-[n:9]2:[c:10](-[c:15]3:[cH:16]:[c:17](-[Cl:21]):[cH:18]:[cH:19]:[cH:20]:3):[n:11]:[nH:12]:[c:13]:2=[S:14]):[cH:5]:[cH:6]:1
27,130359518,CCOC1=C(C=C2C3C=CC[N+]4(C3C5=C(C2=C1)C(=C(C=C5CC4)OC)OCC6C(CC7C6CC8=CC(=CC=C8)C9(CCCCC9)C1=CC=CC(=C1)CC1=CC(=CC=C1)C7)CC1=CC=C(C=C1)C12CCC(C1CCC1=CC=CC=C21)CC1=CC=CC=C1)C)O,CC(C)CN1C=NC=C1CO,0,124.5,0.3762340545654297,1,"{(11, 12): (3, 4), (11, 22): (4, 5), (12, 13): (1, 3), (13, 14): (0, 1), (13, 20): (1, 2), (2, 3): (9, 10), (3, 4): (8, 9), (4, 5): (7, 8)}",C-[CH2:1]-[O:2]-[c:3]1:[c:4](-[OH:87]):[cH:5]:[c:6]2:[c:15](:[cH:16]:1)-[c:14]1:[c:13]3:[c:20](:[cH:19]:[c:18](-[O:23]-[CH3:24]):[c:17]:1-[O:25]-[CH2:26]-[CH:27]1-[CH:28](-[CH2:59]-[c:60]4:[cH:61]:[cH:62]:[c:63](-[C:66]56-[CH2:67]-[CH2:68]-[CH:69](-[CH2:79]-[c:80]7:[cH:81]:[cH:82]:[cH:83]:[cH:84]:[cH:85]:7)-[CH:70]-5-[CH2:71]-[CH2:72]-[c:73]5:[cH:74]:[cH:75]:[cH:76]:[cH:77]:[c:78]:5-6):[cH:64]:[cH:65]:4)-[CH2:29]-[CH:30]4-[CH:31]-1-[CH2:32]-[c:33]1:[cH:34]:[c:35](:[cH:36]:[cH:37]:[cH:38]:1)-[C:39]1(-[CH2:40]-[CH2:41]-[CH2:42]-[CH2:43]-[CH2:44]-1)-[c:45]1:[cH:46]:[cH:47]:[cH:48]:[c:49](:[cH:50]:1)-[CH2:51]-[c:52]1:[cH:53]:[c:54](:[cH:55]:[cH:56]:[cH:57]:1)-[CH2:58]-4)-[CH2:21]-[CH2:22]-[N+:11]1(-[CH3:86])-[CH2:10]-[CH:9]=[CH:8]-[CH:7]-2-[CH:12]-1-3,C-[CH:1](-[CH3:2])-[CH2:3]-[n:4]1:[cH:5]:[n:6]:[cH:7]:[c:8]:1-[CH2:9]-[OH:10]
28,48214546,CN(CC=C)C(=O)CC1C(C(C(O1)CNC(=O)C2=CC=CC=C2)O)O,C1=CC(=C(C=C1C(=O)CC#N)Cl)Cl,0,23.0,0.18744635581970215,1,"{(11, 13): (8, 9), (13, 14): (9, 10), (15, 16): (6, 7), (15, 17): (5, 6), (17, 18): (0, 5), (17, 22): (4, 5), (18, 19): (0, 1), (19, 20): (1, 2), (20, 21): (2, 3), (21, 22): (3, 4)}",C-[N:1](-[CH2:2]-[CH:3]=[CH2:4])-[C:5](=[O:6])-[CH2:7]-[CH:8]1-[CH:9](-[OH:24])-[CH:10](-[OH:23])-[CH:11](-[CH2:13]-[NH:14]-[C:15](=[O:16])-[c:17]2:[cH:18]:[cH:19]:[cH:20]:[cH:21]:[cH:22]:2)-[O:12]-1,c1:[cH:1]:[c:2](-[Cl:12]):[c:3](-[Cl:11]):[cH:4]:[c:5]:1-[C:6](=[O:7])-[CH2:8]-[C:9]#[N:10]
29,199780387,C1=CC=C2C3=C4C(=CC2=C1)S(=O)(=O)C5=CC=CC(=C54)C=C3,CCCCCCCCC=CCCCCCCCC(=O)OCC(=O)C1CCC2C1(CC(C3C2CCC4=CC(=O)CCC34C)O)C,0,51.5,10.283964157104492,5,,c1:[cH:1]:[cH:2]:[c:3]2:[c:4]3:[c:5]4:[c:6](:[cH:7]:[c:8]:2:[cH:9]:1)-[S:10](=[O:11])(=[O:12])-[c:13]1:[cH:14]:[cH:15]:[cH:16]:[c:17](:[c:18]:4:1):[cH:19]:[cH:20]:3,C-[CH2:1]-[CH2:2]-[CH2:3]-[CH2:4]-[CH2:5]-[CH2:6]-[CH2:7]-[CH:8]=[CH:9]-[CH2:10]-[CH2:11]-[CH2:12]-[CH2:13]-[CH2:14]-[CH2:15]-[CH2:16]-[C:17](=[O:18])-[O:19]-[CH2:20]-[C:21](=[O:22])-[CH:23]1-[CH2:24]-[CH2:25]-[CH:26]2-[C:27]-1(-[CH3:43])-[CH2:28]-[CH:29](-[OH:42])-[CH:30]1-[CH:31]-2-[CH2:32]-[CH2:33]-[C:34]2=[CH:35]-[C:36](=[O:37])-[CH2:38]-[CH2:39]-[C:40]-1-2-[CH3:41]
30,156394624,CCCCCCCCCCCCCCCCCC(=O)OCC(COC(=O)CCCCCCCCCCCCCC(C)C)OC(=O)CCCCCCCCCCCCCC,COC1=CC(=CC(=C1)NC2=NC3C(C(CC(C3S2)C(=O)NCC#C)O)O)OC,0,62.0,10.335848808288574,5,,C-[CH2:1]-[CH2:2]-[CH2:3]-[CH2:4]-[CH2:5]-[CH2:6]-[CH2:7]-[CH2:8]-[CH2:9]-[CH2:10]-[CH2:11]-[CH2:12]-[CH2:13]-[CH2:14]-[CH2:15]-[CH2:16]-[C:17](=[O:18])-[O:19]-[CH2:20]-[CH:21](-[CH2:22]-[O:23]-[C:24](=[O:25])-[CH2:26]-[CH2:27]-[CH2:28]-[CH2:29]-[CH2:30]-[CH2:31]-[CH2:32]-[CH2:33]-[CH2:34]-[CH2:35]-[CH2:36]-[CH2:37]-[CH2:38]-[CH:39](-[CH3:40])-[CH3:41])-[O:42]-[C:43](=[O:44])-[CH2:45]-[CH2:46]-[CH2:47]-[CH2:48]-[CH2:49]-[CH2:50]-[CH2:51]-[CH2:52]-[CH2:53]-[CH2:54]-[CH2:55]-[CH2:56]-[CH2:57]-[CH3:58],C-[O:1]-[c:2]1:[cH:3]:[c:4](-[O:26]-[CH3:27]):[cH:5]:[c:6](-[NH:8]-[C:9]2=[N:10]-[CH:11]3-[CH:12](-[OH:25])-[CH:13](-[OH:24])-[CH2:14]-[CH:15](-[C:18](=[O:19])-[NH:20]-[CH2:21]-[C:22]#[CH:23])-[CH:16]-3-[S:17]-2):[cH:7]:1
31,12699791,CC1=NC(=CC2=CC=C(C=C2)N(C)C)C(=O)N1C3=CC=C(C=C3)C(=O)O,C1=CC(=CC=C1CN)C2=NC=CS2,0,29.5,0.27370309829711914,1,"{(1, 2): (8, 9), (14, 16): (6, 7), (2, 3): (9, 10), (3, 4): (10, 11), (5, 10): (2, 3), (5, 6): (3, 4), (6, 7): (4, 5), (7, 8): (0, 5), (8, 9): (0, 1), (9, 10): (1, 2)}",C-[C:1]1=[N:2]-[C:3](=[CH:4]-[c:5]2:[cH:6]:[cH:7]:[c:8](-[N:11](-[CH3:12])-[CH3:13]):[cH:9]:[cH:10]:2)-[C:14](=[O:15])-[N:16]-1-[c:17]1:[cH:18]:[cH:19]:[c:20](-[C:23](=[O:24])-[OH:25]):[cH:21]:[cH:22]:1,c1:[cH:1]:[c:2](-[c:8]2:[n:9]:[cH:10]:[cH:11]:[s:12]:2):[cH:3]:[cH:4]:[c:5]:1-[CH2:6]-[NH2:7]
32,33369946,CC=CC=CC1=C(C(=CC(=C1)O)O)C=O,CCCCCCCCCCCCCCC=COC(=O)CCSCCC(=O)OC=CCCCCCCCCCCCCCC,0,39.0,0.546201229095459,1,"{(0, 1): (8, 9), (1, 2): (9, 10), (13, 14): (24, 25), (2, 3): (10, 11), (3, 4): (11, 12), (4, 5): (12, 13), (5, 10): (13, 14), (6, 13): (23, 24), (7, 12): (26, 27), (7, 8): (27, 28), (9, 10): (14, 15), (9, 11): (15, 16)}",C-[CH:1]=[CH:2]-[CH:3]=[CH:4]-[c:5]1:[c:6](-[CH:13]=[O:14]):[c:7](-[OH:12]):[cH:8]:[c:9](-[OH:11]):[cH:10]:1,C-[CH2:1]-[CH2:2]-[CH2:3]-[CH2:4]-[CH2:5]-[CH2:6]-[CH2:7]-[CH2:8]-[CH2:9]-[CH2:10]-[CH2:11]-[CH2:12]-[CH2:13]-[CH:14]=[CH:15]-[O:16]-[C:17](=[O:18])-[CH2:19]-[CH2:20]-[S:21]-[CH2:22]-[CH2:23]-[C:24](=[O:25])-[O:26]-[CH:27]=[CH:28]-[CH2:29]-[CH2:30]-[CH2:31]-[CH2:32]-[CH2:33]-[CH2:34]-[CH2:35]-[CH2:36]-[CH2:37]-[CH2:38]-[CH2:39]-[CH2:40]-[CH2:41]-[CH3:42]
33,37097053,COC1=C(C=C(C=C1)C2=NC(=CS2)CC(=O)NCC3CCCN4C3CCCC4)OC,C1=CN=C2C1=NC(=CO2)N,0,36.0,0.20244836807250977,1,"{(10, 11): (6, 7), (14, 15): (3, 8), (14, 16): (2, 3), (4, 5): (0, 1), (5, 8): (0, 4), (8, 9): (4, 5), (9, 10): (5, 6)}",C-[O:1]-[c:2]1:[c:3](-[O:28]-[CH3:29]):[cH:4]:[c:5](-[c:8]2:[n:9]:[c:10](-[CH2:13]-[C:14](=[O:15])-[NH:16]-[CH2:17]-[CH:18]3-[CH2:19]-[CH2:20]-[CH2:21]-[N:22]4-[CH:23]-3-[CH2:24]-[CH2:25]-[CH2:26]-[CH2:27]-4):[cH:11]:[s:12]:2):[cH:6]:[cH:7]:1,c1:[cH:1]:[n:2]:[c:3]2:[o:8]:[cH:7]:[c:6](-[NH2:9]):[n:5]:[c:4]:1-2
34,93432868,C1=CC=C(C=C1)C2=NN=C(O2)NC(=O)C3=NC4=CC=CC=C4S3,CCCCCCOC(=O)C=C,0,30.5,0.18579602241516113,1,"{(0, 1): (0, 1), (0, 5): (1, 2), (12, 13): (7, 8), (16, 21): (9, 10), (3, 4): (3, 4), (3, 6): (4, 5), (4, 5): (2, 3), (6, 10): (5, 6)}",c1:[cH:1]:[cH:2]:[c:3](-[c:6]2:[n:7]:[n:8]:[c:9](-[NH:11]-[C:12](=[O:13])-[c:14]3:[n:15]:[c:16]4:[cH:17]:[cH:18]:[cH:19]:[cH:20]:[c:21]:4:[s:22]:3):[o:10]:2):[cH:4]:[cH:5]:1,C-[CH2:1]-[CH2:2]-[CH2:3]-[CH2:4]-[CH2:5]-[O:6]-[C:7](=[O:8])-[CH:9]=[CH2:10]
35,173040179,CCC(C)NC(=NC(C)CC)C,C1=CC(=CC=C1OC2C(C(C(C(O2)CO)O)O)O)Cl,0,21.0,0.11658239364624023,1,"{(0, 1): (11, 13), (1, 2): (10, 11), (2, 3): (9, 10), (5, 11): (0, 1), (7, 8): (2, 3), (7, 9): (3, 4), (9, 10): (4, 5)}",C-[CH2:1]-[CH:2](-[CH3:3])-[NH:4]-[C:5](=[N:6]-[CH:7](-[CH3:8])-[CH2:9]-[CH3:10])-[CH3:11],c1:[cH:1]:[c:2](-[Cl:18]):[cH:3]:[cH:4]:[c:5]:1-[O:6]-[CH:7]1-[CH:8](-[OH:17])-[CH:9](-[OH:16])-[CH:10](-[OH:15])-[CH:11](-[CH2:13]-[OH:14])-[O:12]-1
36,84972339,CC(=O)C1=CC=C(S1)I,CC1(C2CC=C3COC4C3C2(CCC1=O)CO4)C,0,21.5,0.1807849407196045,1,"{(0, 1): (12, 13), (1, 2): (13, 14), (1, 3): (1, 13), (3, 4): (1, 2), (4, 5): (2, 10), (5, 6): (10, 15)}",C-[C:1](=[O:2])-[c:3]1:[cH:4]:[cH:5]:[c:6](-[I:8]):[s:7]:1,C-[C:1]1(-[CH3:17])-[CH:2]2-[CH2:3]-[CH:4]=[C:5]3-[CH2:6]-[O:7]-[CH:8]4-[CH:9]-3-[C:10]-2(-[CH2:11]-[CH2:12]-[C:13]-1=[O:14])-[CH2:15]-[O:16]-4
37,43865068,CC1CCCC(=O)C(=O)C=C(C(=O)OC23C(C=CC1)C(C(=C)C(C2C(NC3=O)CC4=CC=CC=C4)C)O)C=O,CSCC1C(C(C(O1)N2CCC3=C(N=CN=C32)N)O)O,0,52.0,0.5059671401977539,1,"{(13, 14): (5, 18), (14, 26): (5, 6), (24, 25): (8, 9), (24, 28): (9, 10), (25, 26): (6, 8), (26, 27): (6, 7), (28, 29): (10, 11), (29, 30): (11, 16), (29, 34): (11, 12), (7, 8): (4, 19), (7, 9): (3, 4), (9, 10): (2, 3)}",C-[CH:1]1-[CH2:2]-[CH2:3]-[CH2:4]-[C:5](=[O:6])-[C:7](=[O:8])-[CH:9]=[C:10](-[CH:37]=[O:38])-[C:11](=[O:12])-[O:13]-[C:14]23-[CH:15](-[CH:16]=[CH:17]-[CH2:18]-1)-[CH:19](-[OH:36])-[C:20](=[CH2:21])-[CH:22](-[CH3:35])-[CH:23]-2-[CH:24](-[CH2:28]-[c:29]1:[cH:30]:[cH:31]:[cH:32]:[cH:33]:[cH:34]:1)-[NH:25]-[C:26]-3=[O:27],C-[S:1]-[CH2:2]-[CH:3]1-[CH:4](-[OH:19])-[CH:5](-[OH:18])-[CH:6](-[N:8]2-[CH2:9]-[CH2:10]-[c:11]3:[c:12](-[NH2:17]):[n:13]:[cH:14]:[n:15]:[c:16]:3-2)-[O:7]-1
38,76820402,COC1=CC(=C(C=C1)C=NN2C(N3CC4=C(CC3C2=O)C5=CC=CC=C5N4)C6=CC(=CC=C6)OC)OC,CC1(C2=C(C=CC(=C2)O)C3=C4C1=NCCC4=CC5=C3OCO5)O,0,35.0,1.4188182353973389,1,"{(1, 2): (17, 21), (17, 18): (0, 1), (18, 19): (1, 22), (2, 3): (17, 18), (2, 7): (16, 17), (20, 21): (13, 14), (27, 28): (4, 5), (27, 32): (3, 4), (28, 29): (5, 6), (29, 30): (6, 7), (29, 33): (6, 8), (3, 4): (9, 18), (30, 31): (2, 7), (31, 32): (2, 3), (35, 36): (19, 20), (4, 5): (9, 10), (5, 6): (10, 15), (5, 8): (10, 11), (6, 7): (15, 16), (8, 9): (11, 12)}",C-[O:1]-[c:2]1:[cH:3]:[c:4](-[O:35]-[CH3:36]):[c:5](-[CH:8]=[N:9]-[N:10]2-[CH:11](-[c:27]3:[cH:28]:[c:29](-[O:33]-[CH3:34]):[cH:30]:[cH:31]:[cH:32]:3)-[N:12]3-[CH2:13]-[c:14]4:[c:15](:[c:20]5:[cH:21]:[cH:22]:[cH:23]:[cH:24]:[c:25]:5:[nH:26]:4)-[CH2:16]-[CH:17]-3-[C:18]-2=[O:19]):[cH:6]:[cH:7]:1,C-[C:1]1(-[OH:22])-[c:2]2:[c:3](:[cH:4]:[cH:5]:[c:6](-[OH:8]):[cH:7]:2)-[c:9]2:[c:10]3:[c:15](:[cH:16]:[c:17]4:[c:18]:2-[O:19]-[CH2:20]-[O:21]-4)-[CH2:14]-[CH2:13]-[N:12]=[C:11]-1-3
39,83689894,C1=CC(=CC(=C1)S(=O)(=O)F)C(=O)O,CCCCCCCCCCCCCCCCCCOCC(COC(=O)CCCCCCCCCCCCC)OC(=O)CCCCCCCCCCCC=CCCCCCCCC,0,65.0,3.747933864593506,1,"{(0, 1): (45, 46), (0, 5): (44, 45), (10, 11): (39, 40), (10, 12): (38, 39), (2, 10): (39, 41), (2, 3): (41, 42), (3, 4): (42, 43), (4, 5): (43, 44)}",c1:[cH:1]:[c:2](-[C:10](=[O:11])-[OH:12]):[cH:3]:[c:4](-[S:6](=[O:7])(=[O:8])-[F:9]):[cH:5]:1,C-[CH2:1]-[CH2:2]-[CH2:3]-[CH2:4]-[CH2:5]-[CH2:6]-[CH2:7]-[CH2:8]-[CH2:9]-[CH2:10]-[CH2:11]-[CH2:12]-[CH2:13]-[CH2:14]-[CH2:15]-[CH2:16]-[CH2:17]-[O:18]-[CH2:19]-[CH:20](-[CH2:21]-[O:22]-[C:23](=[O:24])-[CH2:25]-[CH2:26]-[CH2:27]-[CH2:28]-[CH2:29]-[CH2:30]-[CH2:31]-[CH2:32]-[CH2:33]-[CH2:34]-[CH2:35]-[CH2:36]-[CH3:37])-[O:38]-[C:39](=[O:40])-[CH2:41]-[CH2:42]-[CH2:43]-[CH2:44]-[CH2:45]-[CH2:46]-[CH2:47]-[CH2:48]-[CH2:49]-[CH2:50]-[CH2:51]-[CH:52]=[CH:53]-[CH2:54]-[CH2:55]-[CH2:56]-[CH2:57]-[CH2:58]-[CH2:59]-[CH2:60]-[CH3:61]
40,25919628,C1=COC(C2C1C(C(C2O)Cl)O)OC3C(C(C(C(O3)CO)O)O)O,COCCN1C=C(C2=CC=CC=C21)CCC(=O)NC3=CC=CC4=C3C=CN4,0,41.0,10.180659294128418,5,,C1=[CH:1]-[O:2]-[CH:3](-[O:12]-[CH:13]2-[CH:14](-[OH:23])-[CH:15](-[OH:22])-[CH:16](-[OH:21])-[CH:17](-[CH2:19]-[OH:20])-[O:18]-2)-[CH:4]2-[CH:5]-1-[CH:6](-[OH:11])-[CH:7](-[Cl:10])-[CH:8]-2-[OH:9],C-[O:1]-[CH2:2]-[CH2:3]-[n:4]1:[cH:5]:[c:6](-[CH2:13]-[CH2:14]-[C:15](=[O:16])-[NH:17]-[c:18]2:[cH:19]:[cH:20]:[cH:21]:[c:22]3:[c:23]:2:[cH:24]:[cH:25]:[nH:26]:3):[c:7]2:[cH:8]:[cH:9]:[cH:10]:[cH:11]:[c:12]:1:2
41,196576478,CCCCCCCCCCCCCCCCCCCCCCCC(=O)OC(COC(=O)CCCCCCCC=CCCCCCC)COC(=O)CCCCCCC=CCC=CCC=CCC=CCC,CC(=CC(=O)CC(=CC(CC(C)(C=C)O)O)C)C,0,67.0,1.413924217224121,1,"{(25, 26): (10, 14), (26, 27): (9, 10), (26, 46): (10, 11), (48, 49): (3, 4), (48, 50): (3, 5), (56, 57): (1, 2), (57, 58): (0, 1), (59, 60): (12, 13), (61, 62): (7, 8), (62, 63): (6, 7), (63, 64): (6, 16)}",C-[CH2:1]-[CH2:2]-[CH2:3]-[CH2:4]-[CH2:5]-[CH2:6]-[CH2:7]-[CH2:8]-[CH2:9]-[CH2:10]-[CH2:11]-[CH2:12]-[CH2:13]-[CH2:14]-[CH2:15]-[CH2:16]-[CH2:17]-[CH2:18]-[CH2:19]-[CH2:20]-[CH2:21]-[CH2:22]-[C:23](=[O:24])-[O:25]-[CH:26](-[CH2:27]-[O:28]-[C:29](=[O:30])-[CH2:31]-[CH2:32]-[CH2:33]-[CH2:34]-[CH2:35]-[CH2:36]-[CH2:37]-[CH:38]=[CH:39]-[CH2:40]-[CH2:41]-[CH2:42]-[CH2:43]-[CH2:44]-[CH3:45])-[CH2:46]-[O:47]-[C:48](=[O:49])-[CH2:50]-[CH2:51]-[CH2:52]-[CH2:53]-[CH2:54]-[CH2:55]-[CH:56]=[CH:57]-[CH2:58]-[CH:59]=[CH:60]-[CH2:61]-[CH:62]=[CH:63]-[CH2:64]-[CH:65]=[CH:66]-[CH2:67]-[CH3:68],C-[C:1](=[CH:2]-[C:3](=[O:4])-[CH2:5]-[C:6](=[CH:7]-[CH:8](-[CH2:9]-[C:10](-[CH3:11])(-[CH:12]=[CH2:13])-[OH:14])-[OH:15])-[CH3:16])-[CH3:17]
42,72708036,C1CCCC2CC3CN(C2)CCC=CC=CCCCCCCC4C3CCN(C4)CCC=CCC1,C1=CC=C(C=C1)C=CC(=O)OC2C(C(C(OC2OC(=O)C3=CC(=C(C(=C3)O)O)O)COC(=O)C4=CC(=C(C(=C4)O)O)O)O)O,0,48.0,10.318661212921143,5,,C1-[CH2:1]-[CH2:2]-[CH2:3]-[CH:4]2-[CH2:5]-[CH:6]3-[CH2:7]-[N:8](-[CH2:9]-2)-[CH2:10]-[CH2:11]-[CH:12]=[CH:13]-[CH:14]=[CH:15]-[CH2:16]-[CH2:17]-[CH2:18]-[CH2:19]-[CH2:20]-[CH2:21]-[CH:22]2-[CH:23]-3-[CH2:24]-[CH2:25]-[N:26](-[CH2:27]-2)-[CH2:28]-[CH2:29]-[CH:30]=[CH:31]-[CH2:32]-[CH2:33]-1,c1:[cH:1]:[cH:2]:[c:3](-[CH:6]=[CH:7]-[C:8](=[O:9])-[O:10]-[CH:11]2-[CH:12](-[OH:43])-[CH:13](-[OH:42])-[CH:14](-[CH2:29]-[O:30]-[C:31](=[O:32])-[c:33]3:[cH:34]:[c:35](-[OH:41]):[c:36](-[OH:40]):[c:37](-[OH:39]):[cH:38]:3)-[O:15]-[CH:16]-2-[O:17]-[C:18](=[O:19])-[c:20]2:[cH:21]:[c:22](-[OH:28]):[c:23](-[OH:27]):[c:24](-[OH:26]):[cH:25]:2):[cH:4]:[cH:5]:1
43,80883533,CCCCCC=CCC=CCC=CCC=CCCCCCC(=O)OCC(COC(=O)CCCC=CCC=CCC=CCC=CCCCCC)OC(=O)CCCCCC=CCC=CCC=CCC=CCC=CCC,C=CCN1C(=NN=C1SCC(=O)NC2=CC3=C(C=C2)OCCO3)C4=CC=CS4,0,90.0,10.370624780654907,5,,C-[CH2:1]-[CH2:2]-[CH2:3]-[CH2:4]-[CH:5]=[CH:6]-[CH2:7]-[CH:8]=[CH:9]-[CH2:10]-[CH:11]=[CH:12]-[CH2:13]-[CH:14]=[CH:15]-[CH2:16]-[CH2:17]-[CH2:18]-[CH2:19]-[CH2:20]-[C:21](=[O:22])-[O:23]-[CH2:24]-[CH:25](-[CH2:26]-[O:27]-[C:28](=[O:29])-[CH2:30]-[CH2:31]-[CH2:32]-[CH:33]=[CH:34]-[CH2:35]-[CH:36]=[CH:37]-[CH2:38]-[CH:39]=[CH:40]-[CH2:41]-[CH:42]=[CH:43]-[CH2:44]-[CH2:45]-[CH2:46]-[CH2:47]-[CH3:48])-[O:49]-[C:50](=[O:51])-[CH2:52]-[CH2:53]-[CH2:54]-[CH2:55]-[CH2:56]-[CH:57]=[CH:58]-[CH2:59]-[CH:60]=[CH:61]-[CH2:62]-[CH:63]=[CH:64]-[CH2:65]-[CH:66]=[CH:67]-[CH2:68]-[CH:69]=[CH:70]-[CH2:71]-[CH3:72],C=[CH:1]-[CH2:2]-[n:3]1:[c:4](-[c:23]2:[cH:24]:[cH:25]:[cH:26]:[s:27]:2):[n:5]:[n:6]:[c:7]:1-[S:8]-[CH2:9]-[C:10](=[O:11])-[NH:12]-[c:13]1:[cH:14]:[c:15]2:[c:16](:[cH:17]:[cH:18]:1)-[O:19]-[CH2:20]-[CH2:21]-[O:22]-2
44,93673167,CC1C(C(C(C(O1)OC2CCC3(C(C2(C)CO)CCC4(C3C(C=C5C4(CC(C6(C5CC(CC6)(C)C)CO)O)C)OC)C)C)O)O)O,CC1CN2CC3CCC4CCC=C4C5(C2C1(CCC35CO)O)CCC(=O)O,0,71.0,10.531375885009766,5,,C-[CH:1]1-[CH:2](-[OH:45])-[CH:3](-[OH:44])-[CH:4](-[OH:43])-[CH:5](-[O:7]-[CH:8]2-[CH2:9]-[CH2:10]-[C:11]3(-[CH3:42])-[CH:12](-[C:13]-2(-[CH3:14])-[CH2:15]-[OH:16])-[CH2:17]-[CH2:18]-[C:19]2(-[CH3:41])-[CH:20]-3-[CH:21](-[O:39]-[CH3:40])-[CH:22]=[C:23]3-[C:24]-2(-[CH3:38])-[CH2:25]-[CH:26](-[OH:37])-[C:27]2(-[CH2:35]-[OH:36])-[CH:28]-3-[CH2:29]-[C:30](-[CH3:33])(-[CH3:34])-[CH2:31]-[CH2:32]-2)-[O:6]-1,C-[CH:1]1-[CH2:2]-[N:3]2-[CH2:4]-[CH:5]3-[CH2:6]-[CH2:7]-[CH:8]4-[CH2:9]-[CH2:10]-[CH:11]=[C:12]-4-[C:13]4(-[CH2:22]-[CH2:23]-[C:24](=[O:25])-[OH:26])-[CH:14]-2-[C:15]-1(-[OH:21])-[CH2:16]-[CH2:17]-[C:18]-3-4-[CH2:19]-[OH:20]
45,106231026,CC1(C2CC(C3(C(C2(CCC1=O)C)CCC4C3(CCC5(C4C(CC5)C(=C)CO)C)C)C)O)C,COC1=CC=CC(=C1OC)CNC(=O)CSC2=NC3=CC=CC=C3C(=O)N2,0,41.5,10.198148965835571,5,,C-[C:1]1(-[CH3:32])-[CH:2]2-[CH2:3]-[CH:4](-[OH:31])-[C:5]3(-[CH3:30])-[CH:6](-[C:7]-2(-[CH3:12])-[CH2:8]-[CH2:9]-[C:10]-1=[O:11])-[CH2:13]-[CH2:14]-[CH:15]1-[C:16]-3(-[CH3:29])-[CH2:17]-[CH2:18]-[C:19]2(-[CH3:28])-[CH:20]-1-[CH:21](-[C:24](=[CH2:25])-[CH2:26]-[OH:27])-[CH2:22]-[CH2:23]-2,C-[O:1]-[c:2]1:[cH:3]:[cH:4]:[cH:5]:[c:6](-[CH2:10]-[NH:11]-[C:12](=[O:13])-[CH2:14]-[S:15]-[c:16]2:[n:17]:[c:18]3:[cH:19]:[cH:20]:[cH:21]:[cH:22]:[c:23]:3:[c:24](=[O:25]):[nH:26]:2):[c:7]:1-[O:8]-[CH3:9]
46,192844016,COC1=CC(=CC(=C1)NC2=NC3C(C(CC(C3S2)C(=O)NC4CCCC4)O)O)OC,C1=CC=C2C(=C1)C3N(C(=O)C4=CC=CC=C4N3C2=O)CCCC(=O)NC5=CC=CC6=C5C=CC=N6,0,35.5,9.12285590171814,1,"{(0, 1): (22, 23), (10, 11): (29, 34), (11, 12): (28, 29), (11, 16): (29, 30), (12, 13): (27, 28), (13, 14): (26, 27), (14, 15): (25, 26), (15, 16): (25, 30), (18, 19): (8, 9), (18, 20): (7, 8), (2, 3): (12, 13), (2, 7): (13, 14), (20, 21): (6, 7), (21, 25): (4, 6), (22, 23): (0, 1), (23, 24): (0, 5), (24, 25): (4, 5), (28, 29): (17, 18), (3, 4): (11, 12), (4, 5): (10, 11), (5, 6): (10, 15), (6, 7): (14, 15), (6, 8): (15, 16), (9, 10): (33, 34)}",C-[O:1]-[c:2]1:[cH:3]:[c:4](-[O:28]-[CH3:29]):[cH:5]:[c:6](-[NH:8]-[C:9]2=[N:10]-[CH:11]3-[CH:12](-[OH:27])-[CH:13](-[OH:26])-[CH2:14]-[CH:15](-[C:18](=[O:19])-[NH:20]-[CH:21]4-[CH2:22]-[CH2:23]-[CH2:24]-[CH2:25]-4)-[CH:16]-3-[S:17]-2):[cH:7]:1,c1:[cH:1]:[cH:2]:[c:3]2:[c:4](:[cH:5]:1)-[CH:6]1-[N:7](-[CH2:19]-[CH2:20]-[CH2:21]-[C:22](=[O:23])-[NH:24]-[c:25]3:[cH:26]:[cH:27]:[cH:28]:[c:29]4:[c:30]:3:[cH:31]:[cH:32]:[cH:33]:[n:34]:4)-[C:8](=[O:9])-[c:10]3:[cH:11]:[cH:12]:[cH:13]:[cH:14]:[c:15]:3-[N:16]-1-[C:17]-2=[O:18]
47,106104865,CC1=CC(=C(C=C1O)CC=C(C)CCC=C(C)COC2C(C(C(C(O2)CO)O)O)O)OC3C(C(C(C(O3)CO)O)O)O,C1=CC=C(C(=C1)C=NNC(=O)C2=CC=C(C=C2)Br)OC(=O)C3=CC=C(C=C3)Cl,0,39.0,10.283327102661133,5,,C-[c:1]1:[cH:2]:[c:3](-[O:30]-[CH:31]2-[CH:32](-[OH:41])-[CH:33](-[OH:40])-[CH:34](-[OH:39])-[CH:35](-[CH2:37]-[OH:38])-[O:36]-2):[c:4](-[CH2:8]-[CH:9]=[C:10](-[CH3:11])-[CH2:12]-[CH2:13]-[CH:14]=[C:15](-[CH3:16])-[CH2:17]-[O:18]-[CH:19]2-[CH:20](-[OH:29])-[CH:21](-[OH:28])-[CH:22](-[OH:27])-[CH:23](-[CH2:25]-[OH:26])-[O:24]-2):[cH:5]:[c:6]:1-[OH:7],c1:[cH:1]:[cH:2]:[c:3](-[O:18]-[C:19](=[O:20])-[c:21]2:[cH:22]:[cH:23]:[c:24](-[Cl:27]):[cH:25]:[cH:26]:2):[c:4](-[CH:6]=[N:7]-[NH:8]-[C:9](=[O:10])-[c:11]2:[cH:12]:[cH:13]:[c:14](-[Br:17]):[cH:15]:[cH:16]:2):[cH:5]:1
48,113109924,CC(CC(C1C(O1)(C)C)O)C2=C3C(C(C4C5(CCC(=O)C(C5CCC4(C3(CC2=O)C)C)(C)C)C)O)C[N+]6=C7C=CN=C7C(=C6)CC8=CC(=CC(=C8)C9CCOCC9)C1CCCC1,C1=CC(=CC=C1C(=O)O)NCCC2=CN=C3C(=N2)C(=O)NC(=N3)N,0,74.5,6.07148289680481,1,"{(1, 2): (10, 11), (18, 19): (18, 19), (27, 28): (6, 7), (35, 36): (21, 22), (36, 37): (15, 22), (37, 41): (15, 16), (38, 39): (12, 13), (39, 40): (12, 17), (40, 41): (16, 17), (45, 46): (2, 3), (45, 50): (1, 2), (46, 47): (3, 4), (47, 48): (4, 5), (48, 49): (0, 5), (49, 50): (0, 1)}",C-[CH:1](-[CH2:2]-[CH:3](-[CH:4]1-[C:5](-[CH3:7])(-[CH3:8])-[O:6]-1)-[OH:9])-[C:10]1=[C:11]2-[CH:12](-[CH2:35]-[N+:36]3=[C:37]4-[CH:38]=[CH:39]-[N:40]=[C:41]-4-[C:42](-[CH2:44]-[c:45]4:[cH:46]:[c:47](-[CH:57]5-[CH2:58]-[CH2:59]-[CH2:60]-[CH2:61]-5):[cH:48]:[c:49](-[CH:51]5-[CH2:52]-[CH2:53]-[O:54]-[CH2:55]-[CH2:56]-5):[cH:50]:4)=[CH:43]-3)-[CH:13](-[OH:34])-[CH:14]3-[C:15]4(-[CH3:33])-[CH2:16]-[CH2:17]-[C:18](=[O:19])-[C:20](-[CH3:31])(-[CH3:32])-[CH:21]-4-[CH2:22]-[CH2:23]-[C:24]-3(-[CH3:30])-[C:25]-2(-[CH3:29])-[CH2:26]-[C:27]-1=[O:28],c1:[cH:1]:[c:2](-[NH:9]-[CH2:10]-[CH2:11]-[c:12]2:[cH:13]:[n:14]:[c:15]3:[c:16](:[n:17]:2):[c:18](=[O:19]):[nH:20]:[c:21](-[NH2:23]):[n:22]:3):[cH:3]:[cH:4]:[c:5]:1-[C:6](=[O:7])-[OH:8]
49,131055542,C1=CC(=C(C(=C1)Cl)NC2=CC(=C(C=C2CC(=O)O)O)SCC(C(=O)NCC(=O)O)NC(=O)CCC(C(=O)O)N)Cl,CCOC(=O)C1=C(C(=O)C2=C(O1)C=C(C=C2)OC(=O)C=CC3=CC=CC=C3)C4=NC5=CC=CC=C5S4,0,34.5,1.4646947383880615,1,"{(0, 1): (31, 32), (0, 5): (32, 33), (1, 2): (30, 31), (10, 11): (23, 24), (11, 12): (22, 23), (12, 13): (21, 22), (13, 14): (20, 21), (15, 16): (17, 18), (15, 17): (16, 17), (19, 20): (27, 35), (2, 3): (29, 30), (20, 21): (6, 27), (21, 22): (6, 7), (22, 23): (7, 8), (25, 26): (3, 5), (26, 27): (3, 4), (26, 28): (2, 3), (3, 4): (29, 34), (3, 7): (28, 29), (30, 31): (10, 11), (30, 32): (10, 12), (32, 33): (12, 13), (33, 34): (13, 14), (34, 35): (14, 15), (4, 5): (33, 34), (8, 13): (21, 26), (8, 9): (25, 26), (9, 10): (24, 25)}",c1:[cH:1]:[c:2](-[Cl:39]):[c:3](-[NH:7]-[c:8]2:[cH:9]:[c:10](-[S:19]-[CH2:20]-[CH:21](-[C:22](=[O:23])-[NH:24]-[CH2:25]-[C:26](=[O:27])-[OH:28])-[NH:29]-[C:30](=[O:31])-[CH2:32]-[CH2:33]-[CH:34](-[C:35](=[O:36])-[OH:37])-[NH2:38]):[c:11](-[OH:18]):[cH:12]:[c:13]:2-[CH2:14]-[C:15](=[O:16])-[OH:17]):[c:4](-[Cl:6]):[cH:5]:1,C-[CH2:1]-[O:2]-[C:3](=[O:4])-[c:5]1:[c:6](-[c:27]2:[n:28]:[c:29]3:[cH:30]:[cH:31]:[cH:32]:[cH:33]:[c:34]:3:[s:35]:2):[c:7](=[O:8]):[c:9]2:[c:10](:[o:11]:1):[cH:12]:[c:13](-[O:16]-[C:17](=[O:18])-[CH:19]=[CH:20]-[c:21]1:[cH:22]:[cH:23]:[cH:24]:[cH:25]:[cH:26]:1):[cH:14]:[cH:15]:2
